{"profiles": {"earthling": {"fleet": ["Earthling Cruiser", "Earthling Cruiser", "KOHR-AH MARAUDER", null, null, null, null, null, null, null, null, null, null, null], "team_name": "Earthling \u0430\u0430\u0430"}, "babubu": {"fleet": ["Earthling Cruiser", "KOHR-AH MARAUDER", null, null, null, null, null, null, null, null, null, null, null, null], "team_name": "babubu"}, "earthling bububu": {"fleet": ["Earthling Cruiser", "Earthling Cruiser", "KOHR-AH MARAUDER", null, null, null, null, "YEHAT TERMINATOR", null, null, null, null, null, null], "team_name": "Earthling bububu"}, "\u041f\u0440\u0430\u0432\u0435\u0440\u043a\u0430": {"fleet": ["YEHAT TERMINATOR", "YEHAT TERMINATOR", null, null, null, null, null, null, null, null, null, null, null, null], "team_name": "\u041f\u0440\u0430\u0432\u0435\u0440\u043a\u0430"}}, "last_config": {"mode": "Human Control vs Good Cyborg", "teams": {"Team 1": ["Earthling Cruiser", "KOHR-AH MARAUDER", null, "YEHAT TERMINATOR", null, null, null, null, null, null, null, null, null, null], "Team 2": ["YEHAT TERMINATOR", null, null, null, null, null, null, null, null, null, null, null, null, null]}, "team_names": {"Team 1": "Earthling", "Team 2": "\u041f\u0440\u0430\u0432\u0435\u0440\u043a\u0430"}, "settings": {"Team 1": {"control": "Human Control"}, "Team 2": {"control": "Good Cyborg"}}}}